Identifier,Link
ABQ,https://forecast.weather.gov/product.php?site=NWS&product=PNS&issuedby=ABQ
ABR,https://forecast.weather.gov/product.php?site=NWS&product=PNS&issuedby=ABR
AFC,https://forecast.weather.gov/product.php?site=NWS&product=PNS&issuedby=AFC
AKQ,https://forecast.weather.gov/product.php?site=NWS&product=PNS&issuedby=AKQ
ALY,https://forecast.weather.gov/product.php?site=NWS&product=PNS&issuedby=ALY
APX,https://forecast.weather.gov/product.php?site=NWS&product=PNS&issuedby=APX
ARX,https://forecast.weather.gov/product.php?site=NWS&product=PNS&issuedby=ARX
BGM,https://forecast.weather.gov/product.php?site=NWS&product=PNS&issuedby=BGM
BIS,https://forecast.weather.gov/product.php?site=NWS&product=PNS&issuedby=BIS
BMX,https://forecast.weather.gov/product.php?site=NWS&product=PNS&issuedby=BMX
BOI,https://forecast.weather.gov/product.php?site=NWS&product=PNS&issuedby=BOI
BOU,https://forecast.weather.gov/product.php?site=NWS&product=PNS&issuedby=BOU
BOX,https://forecast.weather.gov/product.php?site=NWS&product=PNS&issuedby=BOX
BRO,https://forecast.weather.gov/product.php?site=NWS&product=PNS&issuedby=BRO
BTV,https://forecast.weather.gov/product.php?site=NWS&product=PNS&issuedby=BTV
BUF,https://forecast.weather.gov/product.php?site=NWS&product=PNS&issuedby=BUF
BYZ,https://forecast.weather.gov/product.php?site=NWS&product=PNS&issuedby=BYZ
CAE,https://forecast.weather.gov/product.php?site=NWS&product=PNS&issuedby=CAE
CAR,https://forecast.weather.gov/product.php?site=NWS&product=PNS&issuedby=CAR
CHS,https://forecast.weather.gov/product.php?site=NWS&product=PNS&issuedby=CHS
CLE,https://forecast.weather.gov/product.php?site=NWS&product=PNS&issuedby=CLE
CRP,https://forecast.weather.gov/product.php?site=NWS&product=PNS&issuedby=CRP
CTP,https://forecast.weather.gov/product.php?site=NWS&product=PNS&issuedby=CTP
CYS,https://forecast.weather.gov/product.php?site=NWS&product=PNS&issuedby=CYS
DLH,https://forecast.weather.gov/product.php?site=NWS&product=PNS&issuedby=DLH
DTX,https://forecast.weather.gov/product.php?site=NWS&product=PNS&issuedby=DTX
DVN,https://forecast.weather.gov/product.php?site=NWS&product=PNS&issuedby=DVN
EAX,https://forecast.weather.gov/product.php?site=NWS&product=PNS&issuedby=EAX
EKA,https://forecast.weather.gov/product.php?site=NWS&product=PNS&issuedby=EKA
EPZ,https://forecast.weather.gov/product.php?site=NWS&product=PNS&issuedby=EPZ
EWX,https://forecast.weather.gov/product.php?site=NWS&product=PNS&issuedby=EWX
FFC,https://forecast.weather.gov/product.php?site=NWS&product=PNS&issuedby=FFC
FGF,https://forecast.weather.gov/product.php?site=NWS&product=PNS&issuedby=FGF
FGZ,https://forecast.weather.gov/product.php?site=NWS&product=PNS&issuedby=FGZ
FSD,https://forecast.weather.gov/product.php?site=NWS&product=PNS&issuedby=FSD
FWD,https://forecast.weather.gov/product.php?site=NWS&product=PNS&issuedby=FWD
GID,https://forecast.weather.gov/product.php?site=NWS&product=PNS&issuedby=GID
GJT,https://forecast.weather.gov/product.php?site=NWS&product=PNS&issuedby=GJT
GLD,https://forecast.weather.gov/product.php?site=NWS&product=PNS&issuedby=GLD
GRB,https://forecast.weather.gov/product.php?site=NWS&product=PNS&issuedby=GRB
GRR,https://forecast.weather.gov/product.php?site=NWS&product=PNS&issuedby=GRR
GSP,https://forecast.weather.gov/product.php?site=NWS&product=PNS&issuedby=GSP
GYX,https://forecast.weather.gov/product.php?site=NWS&product=PNS&issuedby=GYX
HFO,https://forecast.weather.gov/product.php?site=NWS&product=PNS&issuedby=HFO
HGX,https://forecast.weather.gov/product.php?site=NWS&product=PNS&issuedby=HGX
HNX,https://forecast.weather.gov/product.php?site=NWS&product=PNS&issuedby=HNX
HUN,https://forecast.weather.gov/product.php?site=NWS&product=PNS&issuedby=HUN
ICT,https://forecast.weather.gov/product.php?site=NWS&product=PNS&issuedby=ICT
ILM,https://forecast.weather.gov/product.php?site=NWS&product=PNS&issuedby=ILM
ILN,https://forecast.weather.gov/product.php?site=NWS&product=PNS&issuedby=ILN
ILX,https://forecast.weather.gov/product.php?site=NWS&product=PNS&issuedby=ILX
IND,https://forecast.weather.gov/product.php?site=NWS&product=PNS&issuedby=IND
IWX,https://forecast.weather.gov/product.php?site=NWS&product=PNS&issuedby=IWX
JAN,https://forecast.weather.gov/product.php?site=NWS&product=PNS&issuedby=JAN
JAX,https://forecast.weather.gov/product.php?site=NWS&product=PNS&issuedby=JAX
JKL,https://forecast.weather.gov/product.php?site=NWS&product=PNS&issuedby=JKL
KEY,https://forecast.weather.gov/product.php?site=NWS&product=PNS&issuedby=KEY
LBF,https://forecast.weather.gov/product.php?site=NWS&product=PNS&issuedby=LBF
LCH,https://forecast.weather.gov/product.php?site=NWS&product=PNS&issuedby=LCH
LIX,https://forecast.weather.gov/product.php?site=NWS&product=PNS&issuedby=LIX
LKN,https://forecast.weather.gov/product.php?site=NWS&product=PNS&issuedby=LKN
LMK,https://forecast.weather.gov/product.php?site=NWS&product=PNS&issuedby=LMK
LOT,https://forecast.weather.gov/product.php?site=NWS&product=PNS&issuedby=LOT
LOX,https://forecast.weather.gov/product.php?site=NWS&product=PNS&issuedby=LOX
LUB,https://forecast.weather.gov/product.php?site=NWS&product=PNS&issuedby=LUB
LWX,https://forecast.weather.gov/product.php?site=NWS&product=PNS&issuedby=LWX
LZK,https://forecast.weather.gov/product.php?site=NWS&product=PNS&issuedby=LZK
MEG,https://forecast.weather.gov/product.php?site=NWS&product=PNS&issuedby=MEG
MFL,https://forecast.weather.gov/product.php?site=NWS&product=PNS&issuedby=MFL
MFR,https://forecast.weather.gov/product.php?site=NWS&product=PNS&issuedby=MFR
MHX,https://forecast.weather.gov/product.php?site=NWS&product=PNS&issuedby=MHX
MKX,https://forecast.weather.gov/product.php?site=NWS&product=PNS&issuedby=MKX
MLB,https://forecast.weather.gov/product.php?site=NWS&product=PNS&issuedby=MLB
MOB,https://forecast.weather.gov/product.php?site=NWS&product=PNS&issuedby=MOB
MPX,https://forecast.weather.gov/product.php?site=NWS&product=PNS&issuedby=MPX
MQT,https://forecast.weather.gov/product.php?site=NWS&product=PNS&issuedby=MQT
MRX,https://forecast.weather.gov/product.php?site=NWS&product=PNS&issuedby=MRX
MSO,https://forecast.weather.gov/product.php?site=NWS&product=PNS&issuedby=MSO
MTR,https://forecast.weather.gov/product.php?site=NWS&product=PNS&issuedby=MTR
OAX,https://forecast.weather.gov/product.php?site=NWS&product=PNS&issuedby=OAX
OHX,https://forecast.weather.gov/product.php?site=NWS&product=PNS&issuedby=OHX
OKX,https://forecast.weather.gov/product.php?site=NWS&product=PNS&issuedby=OKX
OTX,https://forecast.weather.gov/product.php?site=NWS&product=PNS&issuedby=OTX
OUN,https://forecast.weather.gov/product.php?site=NWS&product=PNS&issuedby=OUN
PAH,https://forecast.weather.gov/product.php?site=NWS&product=PNS&issuedby=PAH
PBZ,https://forecast.weather.gov/product.php?site=NWS&product=PNS&issuedby=PBZ
PHI,https://forecast.weather.gov/product.php?site=NWS&product=PNS&issuedby=PHI
PQR,https://forecast.weather.gov/product.php?site=NWS&product=PNS&issuedby=PQR
PSR,https://forecast.weather.gov/product.php?site=NWS&product=PNS&issuedby=PSR
PUB,https://forecast.weather.gov/product.php?site=NWS&product=PNS&issuedby=PUB
RAH,https://forecast.weather.gov/product.php?site=NWS&product=PNS&issuedby=RAH
REV,https://forecast.weather.gov/product.php?site=NWS&product=PNS&issuedby=REV
RIW,https://forecast.weather.gov/product.php?site=NWS&product=PNS&issuedby=RIW
RLX,https://forecast.weather.gov/product.php?site=NWS&product=PNS&issuedby=RLX
RNK,https://forecast.weather.gov/product.php?site=NWS&product=PNS&issuedby=RNK
SEW,https://forecast.weather.gov/product.php?site=NWS&product=PNS&issuedby=SEW
SGX,https://forecast.weather.gov/product.php?site=NWS&product=PNS&issuedby=SGX
SHV,https://forecast.weather.gov/product.php?site=NWS&product=PNS&issuedby=SHV
SLC,https://forecast.weather.gov/product.php?site=NWS&product=PNS&issuedby=SLC
STO,https://forecast.weather.gov/product.php?site=NWS&product=PNS&issuedby=STO
TAE,https://forecast.weather.gov/product.php?site=NWS&product=PNS&issuedby=TAE
TBW,https://forecast.weather.gov/product.php?site=NWS&product=PNS&issuedby=TBW
TFX,https://forecast.weather.gov/product.php?site=NWS&product=PNS&issuedby=TFX
TOP,https://forecast.weather.gov/product.php?site=NWS&product=PNS&issuedby=TOP
TSA,https://forecast.weather.gov/product.php?site=NWS&product=PNS&issuedby=TSA
TWC,https://forecast.weather.gov/product.php?site=NWS&product=PNS&issuedby=TWC
UNR,https://forecast.weather.gov/product.php?site=NWS&product=PNS&issuedby=UNR
VEF,https://forecast.weather.gov/product.php?site=NWS&product=PNS&issuedby=VEF
WSH,https://forecast.weather.gov/product.php?site=NWS&product=PNS&issuedby=WSH
